{
  "vanilla": {
    "ce_ic": 3.427489757537842,
    "ce_cl": 0.053505487740039825,
    "ce_ineq": 0.15005452930927277,
    "feasibility_rate": 0.0,
    "mmse": 0.04010483995079994,
    "smse": 0.06875848025083542,
    "time_per_sample_s": 0.13270468076727554
  },
  "pcfm_equality": {
    "ce_ic": 1.0875053249037592e-06,
    "ce_cl": 0.0017696372233331203,
    "ce_ineq": 2.0174450874328613,
    "feasibility_rate": 0.0,
    "mmse": 0.03525892272591591,
    "smse": 0.05209236592054367,
    "time_per_sample_s": 1.3491515388493152
  },
  "ipcfm_a": {
    "error": "Non-finite solution from solve"
  },
  "ipcfm_b": {
    "ce_ic": 0.0017601761501282454,
    "ce_cl": 0.0024745643604546785,
    "ce_ineq": 0.9345360994338989,
    "feasibility_rate": 0.05882353335618973,
    "mmse": 0.022935867309570312,
    "smse": 0.010073755867779255,
    "time_per_sample_s": 30.477238890915817
  },
  "ipcfm_c": {
    "error": "Non-finite solution from solve"
  }
}