{
  "vanilla": {
    "ce_ic": 2.939548969268799,
    "ce_cl": 0.0533822700381279,
    "ce_ineq": 0.16271819174289703,
    "feasibility_rate": 0.0,
    "mmse": 0.021781297400593758,
    "smse": 0.05055277794599533,
    "time_per_sample_s": 0.170006632906734
  },
  "pcfm_equality": {
    "ce_ic": 1.4469178495346569e-06,
    "ce_cl": 0.00023417150077875704,
    "ce_ineq": 0.49189817905426025,
    "feasibility_rate": 0.0,
    "mmse": 0.03241869434714317,
    "smse": 0.00840726401656866,
    "time_per_sample_s": 10.12943003399414
  },
  "ipcfm_a": {
    "ce_ic": 2.281588194819051e-06,
    "ce_cl": 7.293383532669395e-05,
    "ce_ineq": 0.1262485831975937,
    "feasibility_rate": 0.0,
    "mmse": 0.022899990901350975,
    "smse": 0.0060558319091796875,
    "time_per_sample_s": 21.137351744924672
  },
  "ipcfm_b": {
    "ce_ic": 0.0020308075472712517,
    "ce_cl": 0.0013207225129008293,
    "ce_ineq": 0.3319542407989502,
    "feasibility_rate": 0.125,
    "mmse": 0.025532592087984085,
    "smse": 0.006260134745389223,
    "time_per_sample_s": 32.906266176796635
  },
  "ipcfm_c": {
    "ce_ic": 3.5522196292877197,
    "ce_cl": 23958.365234375,
    "ce_ineq": 147.19998168945312,
    "feasibility_rate": 0.265625,
    "mmse": 3.8789422512054443,
    "smse": 87.43486022949219,
    "time_per_sample_s": 21.76749221222417
  }
}