{
  "vanilla": {
    "ce_ic": 3.3341548442840576,
    "ce_cl": 0.051610227674245834,
    "ce_ineq": 0.1900787204504013,
    "feasibility_rate": 0.0,
    "mmse": 0.016793902963399887,
    "smse": 0.0047927675768733025,
    "time_per_sample_s": 0.13925399986716608
  },
  "pcfm_equality": {
    "ce_ic": 1.0928356459771749e-06,
    "ce_cl": 0.002068354981020093,
    "ce_ineq": 2.6253817081451416,
    "feasibility_rate": 0.0,
    "mmse": 0.024262605234980583,
    "smse": 0.01023035403341055,
    "time_per_sample_s": 1.8861537583327541
  },
  "ipcfm_a": {
    "ce_ic": 0.00010256763198412955,
    "ce_cl": 0.0006700087687931955,
    "ce_ineq": 0.13858363032341003,
    "feasibility_rate": 0.0,
    "mmse": 0.008595841936767101,
    "smse": 0.002821221249178052,
    "time_per_sample_s": 34.309681677864866
  },
  "ipcfm_b": {
    "ce_ic": 0.0022061485797166824,
    "ce_cl": 0.0020808905828744173,
    "ce_ineq": 0.28700175881385803,
    "feasibility_rate": 0.06666667014360428,
    "mmse": 0.009538155049085617,
    "smse": 0.002569950185716152,
    "time_per_sample_s": 31.9585844173717
  },
  "ipcfm_c": {
    "ce_ic": 0.001119065098464489,
    "ce_cl": 0.002456880174577236,
    "ce_ineq": 0.23903591930866241,
    "feasibility_rate": 0.3333333432674408,
    "mmse": 0.008040862157940865,
    "smse": 0.003192618489265442,
    "time_per_sample_s": 16.320974280529967
  }
}