{
  "vanilla": {
    "ce_ic": 3.409529447555542,
    "ce_cl": 0.05779038369655609,
    "ce_ineq": 0.14893007278442383,
    "feasibility_rate": 0.0,
    "joint_feasibility_rate": 0.0,
    "mmse": 0.04264826700091362,
    "smse": 0.06577645242214203,
    "time_per_sample_s": 0.11883159497287124
  },
  "pcfm_equality": {
    "ce_ic": 1.0649575870047556e-06,
    "ce_cl": 0.00038657724508084357,
    "ce_ineq": 0.7495819330215454,
    "feasibility_rate": 0.0,
    "joint_feasibility_rate": 0.0,
    "mmse": 0.0291562769562006,
    "smse": 0.00859556719660759,
    "time_per_sample_s": 6.877229706249199
  },
  "ipcfm_a": {
    "ce_ic": 0.0001446058158762753,
    "ce_cl": 0.000520171073731035,
    "ce_ineq": 0.20938602089881897,
    "feasibility_rate": 0.0,
    "joint_feasibility_rate": 0.0,
    "mmse": 0.02452686056494713,
    "smse": 0.0090254545211792,
    "time_per_sample_s": 34.85900580193382
  },
  "ipcfm_b": {
    "ce_ic": 0.0023687833454459906,
    "ce_cl": 0.0017959200777113438,
    "ce_ineq": 0.5734675526618958,
    "feasibility_rate": 0.03999999910593033,
    "joint_feasibility_rate": 0.03999999910593033,
    "mmse": 0.02474268525838852,
    "smse": 0.009301110170781612,
    "time_per_sample_s": 30.27672451588791
  },
  "ipcfm_c": {
    "ce_ic": 0.0009584397776052356,
    "ce_cl": 0.005386244505643845,
    "ce_ineq": 0.41839921474456787,
    "feasibility_rate": 0.5299999713897705,
    "joint_feasibility_rate": 0.5299999713897705,
    "mmse": 0.02460443042218685,
    "smse": 0.012515363283455372,
    "time_per_sample_s": 17.450698952442036
  }
}