{
  "vanilla": {
    "ce_ic": 4.886318683624268,
    "ce_cl": 0.0500883087515831,
    "ce_ineq": 0.08155705034732819,
    "feasibility_rate": 0.5299999713897705,
    "joint_feasibility_rate": 0.0,
    "mmse": 0.00898627657443285,
    "smse": 0.004670330788940191,
    "n_valid": 100,
    "time_per_sample_s": 0.14437230948824437
  },
  "pcfm_equality": {
    "ce_ic": 2.918541142094e-08,
    "ce_cl": 5.426097118288453e-07,
    "ce_ineq": 1.6280659437179565,
    "feasibility_rate": 0.29999998211860657,
    "joint_feasibility_rate": 0.29999998211860657,
    "mmse": 0.0007172163459472358,
    "smse": 0.0007127462304197252,
    "n_valid": 100,
    "time_per_sample_s": 0.7433737138519063
  },
  "ipcfm_a": {
    "ce_ic": 6.514662345580291e-06,
    "ce_cl": 1.6009680621209554e-05,
    "ce_ineq": 0.00767488032579422,
    "feasibility_rate": 0.3999999761581421,
    "joint_feasibility_rate": 0.3999999761581421,
    "mmse": 0.0020310510881245136,
    "smse": 0.0007266953471116722,
    "n_valid": 100,
    "time_per_sample_s": 8.870511495391838
  },
  "ipcfm_b": {
    "ce_ic": 1.2110629540984519e-05,
    "ce_cl": 0.0004700196150224656,
    "ce_ineq": 1.8747828006744385,
    "feasibility_rate": 0.26999998092651367,
    "joint_feasibility_rate": 0.26999998092651367,
    "mmse": 0.0003985991352237761,
    "smse": 0.0007226169109344482,
    "n_valid": 100,
    "time_per_sample_s": 10.8508491026517
  },
  "ipcfm_c": {
    "ce_ic": 6.515618679259205e-06,
    "ce_cl": 1.5599771359120496e-05,
    "ce_ineq": 0.0004995245253667235,
    "feasibility_rate": 0.9699999690055847,
    "joint_feasibility_rate": 0.9699999690055847,
    "mmse": 0.002181093441322446,
    "smse": 0.0007490308489650488,
    "n_valid": 100,
    "time_per_sample_s": 7.691015556310304
  }
}