{
  "eps=0.0001": {
    "ce_ic": 0.0013423265190795064,
    "ce_cl": 0.003644670359790325,
    "ce_ineq": 0.40766721963882446,
    "feasibility_rate": 0.4399999976158142,
    "joint_feasibility_rate": 0.4399999976158142,
    "mmse": 0.024751340970396996,
    "smse": 0.012539061717689037,
    "time_per_sample_s": 16.388320351880974
  },
  "eps=0.001": {
    "ce_ic": 0.0009584397776052356,
    "ce_cl": 0.005386244505643845,
    "ce_ineq": 0.41839921474456787,
    "feasibility_rate": 0.5299999713897705,
    "joint_feasibility_rate": 0.5299999713897705,
    "mmse": 0.02460443042218685,
    "smse": 0.012515363283455372,
    "time_per_sample_s": 16.282629198399373
  },
  "eps=0.01": {
    "ce_ic": 0.0027239846531301737,
    "ce_cl": 0.017882563173770905,
    "ce_ineq": 0.295759916305542,
    "feasibility_rate": 0.5699999928474426,
    "joint_feasibility_rate": 0.5600000023841858,
    "mmse": 0.020941264927387238,
    "smse": 0.014143328182399273,
    "time_per_sample_s": 17.639759713332168
  },
  "eps=0.1": {
    "ce_ic": 0.5401383638381958,
    "ce_cl": 182.1032257080078,
    "ce_ineq": 12.552399635314941,
    "feasibility_rate": 0.0,
    "joint_feasibility_rate": 0.0,
    "mmse": 0.07605375349521637,
    "smse": 1.0549967288970947,
    "time_per_sample_s": 33.1882620426733
  },
  "mu0=0.0001": {
    "ce_ic": 0.0024215879384428263,
    "ce_cl": 0.0018390885088592768,
    "ce_ineq": 0.5571914315223694,
    "feasibility_rate": 0.14000000059604645,
    "joint_feasibility_rate": 0.14000000059604645,
    "mmse": 0.024411171674728394,
    "smse": 0.009439191780984402,
    "time_per_sample_s": 31.02989561947994
  },
  "mu0=0.001": {
    "ce_ic": 0.0023687833454459906,
    "ce_cl": 0.0017959200777113438,
    "ce_ineq": 0.5734675526618958,
    "feasibility_rate": 0.03999999910593033,
    "joint_feasibility_rate": 0.03999999910593033,
    "mmse": 0.02474268525838852,
    "smse": 0.009301110170781612,
    "time_per_sample_s": 30.041047435328366
  },
  "mu0=0.01": {
    "ce_ic": 0.0015437917318195105,
    "ce_cl": 0.002163448603823781,
    "ce_ineq": 1.4434884786605835,
    "feasibility_rate": 0.0,
    "joint_feasibility_rate": 0.0,
    "mmse": 0.03208032250404358,
    "smse": 0.009821421466767788,
    "time_per_sample_s": 54.1863935284596
  },
  "mu0=0.1": {
    "ce_ic": 0.005119993817061186,
    "ce_cl": 0.09095219522714615,
    "ce_ineq": 9.337972640991211,
    "feasibility_rate": 0.0,
    "joint_feasibility_rate": 0.0,
    "mmse": 0.030255205929279327,
    "smse": 0.0508946031332016,
    "time_per_sample_s": 92.70941017351113
  }
}