{
  "mu0=0.0001": {
    "ce_ic": 0.002219852525740862,
    "ce_cl": 0.0020434451289474964,
    "ce_ineq": 0.2747994661331177,
    "feasibility_rate": 0.03333333507180214,
    "mmse": 0.0092739537358284,
    "smse": 0.002616093959659338,
    "time_per_sample_s": 32.84875345459829
  },
  "mu0=0.001": {
    "ce_ic": 0.0022061485797166824,
    "ce_cl": 0.0020808905828744173,
    "ce_ineq": 0.28700175881385803,
    "feasibility_rate": 0.06666667014360428,
    "mmse": 0.009538155049085617,
    "smse": 0.002569950185716152,
    "time_per_sample_s": 32.18495461523222
  },
  "mu0=0.01": {
    "ce_ic": 0.002288567367941141,
    "ce_cl": 0.005722949281334877,
    "ce_ineq": 1.3445277214050293,
    "feasibility_rate": 0.0,
    "mmse": 0.01872285269200802,
    "smse": 0.0022987511474639177,
    "time_per_sample_s": 31.59840871638929
  },
  "mu0=0.1": {
    "ce_ic": 0.00017446638958062977,
    "ce_cl": 0.20013836026191711,
    "ce_ineq": 13.220266342163086,
    "feasibility_rate": 0.0,
    "mmse": 0.27659904956817627,
    "smse": NaN,
    "time_per_sample_s": 32.20749988720442
  },
  "eps=0.0001": {
    "ce_ic": 0.0009917821735143661,
    "ce_cl": 0.002179522532969713,
    "ce_ineq": 0.263860821723938,
    "feasibility_rate": 0.23333334922790527,
    "mmse": 0.008123277686536312,
    "smse": 0.0031833271495997906,
    "time_per_sample_s": 16.26179365781136
  },
  "eps=0.001": {
    "ce_ic": 0.001119065098464489,
    "ce_cl": 0.002456880174577236,
    "ce_ineq": 0.23903591930866241,
    "feasibility_rate": 0.3333333432674408,
    "mmse": 0.008040862157940865,
    "smse": 0.003192618489265442,
    "time_per_sample_s": 16.081316276003296
  },
  "eps=0.01": {
    "ce_ic": 0.0024861476849764585,
    "ce_cl": 0.004844046663492918,
    "ce_ineq": 0.21997833251953125,
    "feasibility_rate": 0.36666667461395264,
    "mmse": 0.0037273981142789125,
    "smse": 0.004525274038314819,
    "time_per_sample_s": 18.166172375995664
  },
  "eps=0.1": {
    "ce_ic": 12387.2666015625,
    "ce_cl": 67596376.0,
    "ce_ineq": 15764.443359375,
    "feasibility_rate": 0.0,
    "mmse": 48897.3671875,
    "smse": 1466826.125,
    "time_per_sample_s": 29.368492931655297
  }
}